-- JP-700 dataset import generated from Excel files.

begin;


create table if not exists public.pump_limits (
  pump_code text primary key,
  stage integer not null,
  max_rotation numeric not null,
  section_number integer not null,
  installation text not null
);

create table if not exists public.jp_codes (
  pump_family text primary key,
  type text not null,
  installation text not null
);

create table if not exists public.sr_codes (
  pump_model text primary key,
  phase text not null,
  rotation text not null
);

create table if not exists public.abb_vis (
  section integer primary key,
  abr_1 numeric not null,
  abr_2 numeric not null,
  abr_3 numeric not null,
  abr_4 numeric not null,
  vis_1 numeric not null,
  vis_2 numeric not null,
  vis_3 numeric not null,
  vis_4 numeric not null
);

create table if not exists public.efficiency (
  pump_code text not null references public.pump_limits(pump_code) on delete cascade,
  pressure_bar integer not null check (pressure_bar between 0 and 24),
  efficiency numeric not null,
  primary key (pump_code, pressure_bar)
);

create table if not exists public.rpm_formula (
  pump_code text primary key references public.pump_limits(pump_code) on delete cascade,
  constant numeric not null,
  eccentricity numeric not null,
  rotor_diameter numeric not null,
  stator_pitch numeric not null
);

alter table public.pump_limits enable row level security;
alter table public.jp_codes enable row level security;
alter table public.sr_codes enable row level security;
alter table public.abb_vis enable row level security;
alter table public.efficiency enable row level security;
alter table public.rpm_formula enable row level security;

truncate table public.efficiency, public.rpm_formula, public.abb_vis, public.sr_codes, public.jp_codes, public.pump_limits cascade;

insert into public.pump_limits (pump_code, stage, max_rotation, section_number, installation)
values
  ('12.1', 1, 900, 15, 'Vertikal / Horizontal'),
  ('12.2', 2, 900, 15, 'Vertikal / Horizontal'),
  ('25.1', 1, 900, 23, 'Vertikal / Horizontal'),
  ('25.2', 2, 900, 23, 'Vertikal / Horizontal'),
  ('50.1', 1, 900, 23, 'Vertikal / Horizontal'),
  ('50.2', 2, 900, 23, 'Vertikal / Horizontal'),
  ('50L', 1, 900, 23, 'Vertikal / Horizontal'),
  ('80.1', 1, 700, 30, 'Vertikal / Horizontal'),
  ('80.2', 2, 700, 30, 'Vertikal / Horizontal'),
  ('200.1', 1, 600, 40, 'Vertikal / Horizontal'),
  ('200.2', 2, 600, 40, 'Vertikal / Horizontal'),
  ('300.1', 1, 500, 50, 'Vertikal / Horizontal'),
  ('300.2', 2, 500, 50, 'Vertikal / Horizontal'),
  ('350.1', 1, 400, 53, 'Vertikal / Horizontal'),
  ('350.2', 2, 400, 53, 'Vertikal / Horizontal'),
  ('350L', 1, 400, 53, 'Vertikal / Horizontal'),
  (7032, 2, 900, 3, 'Horizontal'),
  (7052, 2, 900, 5, 'Horizontal'),
  (7082, 2, 900, 8, 'Horizontal'),
  (7112, 2, 900, 11, 'Horizontal'),
  ('7115.1', 1, 900, 15, 'Horizontal'),
  ('7115.2', 2, 900, 15, 'Horizontal'),
  ('7115.4', 4, 900, 15, 'Horizontal'),
  ('7120.1', 1, 900, 20, 'Horizontal'),
  ('7120.2', 2, 900, 20, 'Horizontal'),
  ('7120.4', 4, 900, 20, 'Horizontal')
;

insert into public.jp_codes (pump_family, type, installation)
values
  ('JP-SO', 'Standard', 'Horizontal'),
  ('JP-S', 'Standard', 'Horizontal'),
  ('JP-', 'Standard', 'Horizontal'),
  ('JP-L', 'Food', 'Horizontal'),
  ('JP-X', 'ATEX', 'Horizontal'),
  ('JP-XL', 'ATEX_Food', 'Horizontal'),
  ('JP-700.', 'Standard', 'Vertical'),
  ('JP-700H.', 'Standard', 'Horizontal'),
  ('JP-700L.', 'Food', 'Vertical'),
  ('JP-700HL.', 'Food', 'Horizontal'),
  ('JP-700X.', 'ATEX', 'Vertical'),
  ('JP-700HX.', 'ATEX', 'Horizontal'),
  ('JP-700LX.', 'ATEX_Food', 'Vertikal / Horizontal'),
  ('JP-700HLX.', 'ATEX_Food', 'Vertikal / Horizontal')
;

insert into public.sr_codes (pump_model, phase, rotation)
values
  ('SR - Speed Reducer', '1ph', '860'),
  ('FK - Flexible Kupplung', '1ph', '700/900'),
  ('DR - Direktantrieb', '3ph', '700/900'),
  ('GM - Gear Motor', '3ph', '50~300'),
  ('DR EM - Direktantrieb Einphasenmotor', '1ph', '900'),
  ('G - Gear G', '3ph', '50~300'),
  ('V - Velocity V', '3ph', '50~300')
;

insert into public.abb_vis (section, abr_1, abr_2, abr_3, abr_4, vis_1, vis_2, vis_3, vis_4)
values
  (15, 170, 675, 1350, 2615, 675, 1350, 2100, 2615),
  (16, 161, 641, 1282, 2484, 641, 1282, 1992, 2484),
  (17, 152, 607, 1214, 2353, 607, 1214, 1884, 2353),
  (18, 143, 573, 1146, 2222, 573, 1146, 1776, 2222),
  (19, 134, 539, 1078, 2091, 539, 1078, 1668, 2091),
  (20, 125, 505, 1010, 1960, 505, 1010, 1560, 1960),
  (21, 121, 488, 976, 1895, 488, 976, 1509, 1895),
  (22, 117, 471, 943, 1830, 471, 943, 1458, 1830),
  (23, 113, 454, 910, 1765, 454, 910, 1407, 1765),
  (24, 109, 437, 876, 1700, 437, 876, 1356, 1700),
  (25, 105, 420, 842, 1635, 420, 842, 1305, 1635),
  (26, 101, 403, 809, 1570, 403, 809, 1254, 1570),
  (27, 97, 386, 776, 1505, 386, 776, 1203, 1505),
  (28, 93, 369, 742, 1440, 369, 742, 1152, 1440),
  (29, 89, 352, 708, 1375, 352, 708, 1101, 1375),
  (30, 85, 335, 675, 1310, 335, 675, 1050, 1310),
  (31, 83, 327, 658, 1277, 327, 658, 1023, 1277),
  (32, 81, 319, 641, 1244, 319, 641, 996, 1244),
  (33, 79, 311, 624, 1211, 311, 624, 969, 1211),
  (34, 77, 303, 607, 1178, 303, 607, 942, 1178),
  (35, 75, 295, 590, 1145, 295, 590, 915, 1145),
  (36, 73, 287, 573, 1112, 287, 573, 888, 1112),
  (37, 71, 279, 556, 1079, 279, 556, 861, 1079),
  (38, 69, 271, 539, 1046, 271, 539, 834, 1046),
  (39, 67, 263, 522, 1013, 263, 522, 807, 1013),
  (40, 65, 255, 505, 980, 255, 505, 780, 980),
  (41, 64, 250, 495, 960, 250, 495, 764, 960),
  (42, 62, 245, 485, 941, 245, 485, 748, 941),
  (43, 60, 240, 475, 922, 240, 475, 732, 922),
  (44, 59, 235, 465, 902, 235, 465, 716, 902),
  (45, 58, 230, 455, 882, 230, 455, 700, 882),
  (46, 56, 225, 445, 863, 225, 445, 684, 863),
  (47, 54, 220, 435, 844, 220, 435, 668, 844),
  (48, 53, 215, 425, 824, 215, 425, 652, 824),
  (49, 52, 210, 415, 804, 210, 415, 636, 804),
  (50, 50, 205, 405, 785, 205, 405, 620, 785),
  (51, 50, 202, 398, 772, 202, 398, 610, 772),
  (52, 49, 198, 391, 759, 198, 391, 600, 759),
  (53, 48, 194, 384, 746, 194, 384, 590, 746),
  (54, 48, 191, 377, 733, 191, 377, 580, 733),
  (55, 48, 188, 370, 720, 188, 370, 570, 720),
  (56, 47, 184, 363, 707, 184, 363, 560, 707),
  (57, 46, 180, 356, 694, 180, 356, 550, 694),
  (58, 46, 177, 349, 681, 177, 349, 540, 681),
  (59, 46, 174, 342, 668, 174, 342, 530, 668),
  (60, 45, 170, 335, 655, 170, 335, 520, 655),
  (61, 44, 168, 331, 647, 168, 331, 514, 647),
  (62, 44, 166, 326, 638, 166, 326, 507, 638),
  (63, 43, 163, 322, 630, 163, 322, 500, 630),
  (64, 42, 161, 318, 622, 161, 318, 494, 622),
  (65, 41, 159, 314, 614, 159, 314, 488, 614),
  (66, 40, 156, 310, 606, 156, 310, 481, 606),
  (67, 40, 154, 305, 597, 154, 305, 474, 597),
  (68, 39, 152, 301, 589, 152, 301, 468, 589),
  (69, 38, 150, 297, 581, 150, 297, 462, 581),
  (70, 38, 148, 292, 572, 148, 292, 455, 572),
  (71, 37, 145, 288, 564, 145, 288, 448, 564),
  (72, 36, 143, 284, 556, 143, 284, 442, 556),
  (73, 35, 141, 280, 548, 141, 280, 436, 548),
  (74, 34, 138, 276, 540, 138, 276, 429, 540),
  (75, 34, 136, 271, 531, 136, 271, 422, 531),
  (76, 33, 134, 267, 523, 134, 267, 416, 523),
  (77, 32, 132, 263, 515, 132, 263, 410, 515),
  (78, 32, 130, 258, 506, 130, 258, 403, 506),
  (79, 31, 127, 254, 498, 127, 254, 396, 498),
  (80, 30, 125, 250, 490, 125, 250, 390, 490),
  (81, 30, 124, 248, 485, 124, 248, 386, 485),
  (82, 30, 122, 245, 480, 122, 245, 382, 480),
  (83, 29, 121, 242, 475, 121, 242, 378, 475),
  (84, 29, 120, 240, 470, 120, 240, 374, 470),
  (85, 29, 119, 238, 465, 119, 238, 370, 465),
  (86, 28, 118, 235, 460, 118, 235, 366, 460),
  (87, 28, 116, 232, 455, 116, 232, 362, 455),
  (88, 28, 115, 230, 450, 115, 230, 358, 450),
  (89, 28, 114, 228, 445, 114, 228, 354, 445),
  (90, 28, 112, 225, 440, 112, 225, 350, 440),
  (91, 27, 111, 222, 435, 111, 222, 346, 435),
  (92, 27, 110, 220, 430, 110, 220, 342, 430),
  (93, 27, 109, 218, 425, 109, 218, 338, 425),
  (94, 26, 108, 215, 420, 108, 215, 334, 420),
  (95, 26, 106, 212, 415, 106, 212, 330, 415),
  (96, 26, 105, 210, 410, 105, 210, 326, 410),
  (97, 26, 104, 208, 405, 104, 208, 322, 405),
  (98, 26, 102, 205, 400, 102, 205, 318, 400),
  (99, 25, 101, 202, 395, 101, 202, 314, 395),
  (100, 25, 100, 200, 390, 100, 200, 310, 390)
;

insert into public.rpm_formula (pump_code, constant, eccentricity, rotor_diameter, stator_pitch)
values
  ('12.1', 4, 0.003, 0.015, 0.1),
  ('12.2', 4, 0.003, 0.015, 0.1),
  ('25.1', 4, 0.004, 0.022, 0.1),
  ('25.2', 4, 0.004, 0.022, 0.1),
  ('50.1', 4, 0.004, 0.022, 0.2),
  ('50.2', 4, 0.0045, 0.023, 0.15),
  ('50L', 4, 0.0045, 0.023, 0.3),
  ('80.1', 4, 0.006, 0.03, 0.15),
  ('80.2', 4, 0.006, 0.03, 0.15),
  ('200.1', 4, 0.008, 0.04, 0.2),
  ('200.2', 4, 0.008, 0.04, 0.2),
  ('300.1', 4, 0.01, 0.0496, 0.24),
  ('300.2', 4, 0.01, 0.0496, 0.24),
  ('350.1', 4, 0.0103, 0.053, 0.282),
  ('350.2', 4, 0.0103, 0.053, 0.282),
  ('350L', 4, 0.0103, 0.053, 0.564),
  (7032, 4, 0.0003, 0.0075, 0.01),
  (7052, 4, 0.0006, 0.0074, 0.018),
  (7082, 4, 0.0011, 0.0075, 0.036),
  (7112, 4, 0.001625, 0.0105, 0.05),
  ('7115.1', 4, 0.003, 0.015, 0.08),
  ('7115.2', 4, 0.003, 0.015, 0.08),
  ('7115.4', 4, 0.003, 0.015, 0.08),
  ('7120.1', 4, 0.004, 0.02, 0.1),
  ('7120.2', 4, 0.004, 0.02, 0.1),
  ('7120.4', 4, 0.004, 0.02, 0.1)
;

insert into public.efficiency (pump_code, pressure_bar, efficiency)
values
  ('12.1', 0, 0.95),
  ('12.1', 1, 0.92),
  ('12.1', 2, 0.9),
  ('12.1', 3, 0.88),
  ('12.1', 4, 0.85),
  ('12.1', 5, 0.85),
  ('12.1', 6, 0.83),
  ('12.1', 7, 0.83),
  ('12.1', 8, 0.83),
  ('12.1', 9, 0.81),
  ('12.1', 10, 0.81),
  ('12.1', 11, 0.81),
  ('12.1', 12, 0.81),
  ('12.1', 13, 0.8),
  ('12.1', 14, 0.8),
  ('12.1', 15, 0.8),
  ('12.1', 16, 0.8),
  ('12.1', 17, 0.8),
  ('12.1', 18, 0.8),
  ('12.1', 19, 0.8),
  ('12.1', 20, 0.8),
  ('12.1', 21, 0.8),
  ('12.1', 22, 0.8),
  ('12.1', 23, 0.8),
  ('12.1', 24, 0.8),
  ('12.2', 0, 0.95),
  ('12.2', 1, 0.92),
  ('12.2', 2, 0.9),
  ('12.2', 3, 0.88),
  ('12.2', 4, 0.85),
  ('12.2', 5, 0.85),
  ('12.2', 6, 0.83),
  ('12.2', 7, 0.83),
  ('12.2', 8, 0.83),
  ('12.2', 9, 0.81),
  ('12.2', 10, 0.81),
  ('12.2', 11, 0.81),
  ('12.2', 12, 0.81),
  ('12.2', 13, 0.8),
  ('12.2', 14, 0.8),
  ('12.2', 15, 0.8),
  ('12.2', 16, 0.8),
  ('12.2', 17, 0.8),
  ('12.2', 18, 0.8),
  ('12.2', 19, 0.8),
  ('12.2', 20, 0.8),
  ('12.2', 21, 0.8),
  ('12.2', 22, 0.8),
  ('12.2', 23, 0.8),
  ('12.2', 24, 0.8),
  ('25.1', 0, 0.95),
  ('25.1', 1, 0.92),
  ('25.1', 2, 0.9),
  ('25.1', 3, 0.88),
  ('25.1', 4, 0.85),
  ('25.1', 5, 0.85),
  ('25.1', 6, 0.83),
  ('25.1', 7, 0.83),
  ('25.1', 8, 0.83),
  ('25.1', 9, 0.81),
  ('25.1', 10, 0.81),
  ('25.1', 11, 0.81),
  ('25.1', 12, 0.81),
  ('25.1', 13, 0.8),
  ('25.1', 14, 0.8),
  ('25.1', 15, 0.8),
  ('25.1', 16, 0.8),
  ('25.1', 17, 0.8),
  ('25.1', 18, 0.8),
  ('25.1', 19, 0.8),
  ('25.1', 20, 0.8),
  ('25.1', 21, 0.8),
  ('25.1', 22, 0.8),
  ('25.1', 23, 0.8),
  ('25.1', 24, 0.8),
  ('25.2', 0, 0.95),
  ('25.2', 1, 0.92),
  ('25.2', 2, 0.9),
  ('25.2', 3, 0.88),
  ('25.2', 4, 0.85),
  ('25.2', 5, 0.85),
  ('25.2', 6, 0.83),
  ('25.2', 7, 0.83),
  ('25.2', 8, 0.83),
  ('25.2', 9, 0.81),
  ('25.2', 10, 0.81),
  ('25.2', 11, 0.81),
  ('25.2', 12, 0.81),
  ('25.2', 13, 0.8),
  ('25.2', 14, 0.8),
  ('25.2', 15, 0.8),
  ('25.2', 16, 0.8),
  ('25.2', 17, 0.8),
  ('25.2', 18, 0.8),
  ('25.2', 19, 0.8),
  ('25.2', 20, 0.8),
  ('25.2', 21, 0.8),
  ('25.2', 22, 0.8),
  ('25.2', 23, 0.8),
  ('25.2', 24, 0.8),
  ('50.1', 0, 0.95),
  ('50.1', 1, 0.92),
  ('50.1', 2, 0.9),
  ('50.1', 3, 0.88),
  ('50.1', 4, 0.85),
  ('50.1', 5, 0.85),
  ('50.1', 6, 0.83),
  ('50.1', 7, 0.83),
  ('50.1', 8, 0.83),
  ('50.1', 9, 0.81),
  ('50.1', 10, 0.81),
  ('50.1', 11, 0.81),
  ('50.1', 12, 0.81),
  ('50.1', 13, 0.8),
  ('50.1', 14, 0.8),
  ('50.1', 15, 0.8),
  ('50.1', 16, 0.8),
  ('50.1', 17, 0.8),
  ('50.1', 18, 0.8),
  ('50.1', 19, 0.8),
  ('50.1', 20, 0.8),
  ('50.1', 21, 0.8),
  ('50.1', 22, 0.8),
  ('50.1', 23, 0.8),
  ('50.1', 24, 0.8),
  ('50.2', 0, 0.79),
  ('50.2', 1, 0.78),
  ('50.2', 2, 0.77),
  ('50.2', 3, 0.76),
  ('50.2', 4, 0.75),
  ('50.2', 5, 0.74),
  ('50.2', 6, 0.73),
  ('50.2', 7, 0.72),
  ('50.2', 8, 0.71),
  ('50.2', 9, 0.7),
  ('50.2', 10, 0.69),
  ('50.2', 11, 0.6799999999999999),
  ('50.2', 12, 0.6699999999999999),
  ('50.2', 13, 0.6599999999999999),
  ('50.2', 14, 0.6499999999999999),
  ('50.2', 15, 0.6399999999999999),
  ('50.2', 16, 0.6299999999999999),
  ('50.2', 17, 0.6199999999999999),
  ('50.2', 18, 0.6099999999999999),
  ('50.2', 19, 0.5999999999999999),
  ('50.2', 20, 0.5899999999999999),
  ('50.2', 21, 0.5799999999999998),
  ('50.2', 22, 0.5699999999999998),
  ('50.2', 23, 0.5599999999999998),
  ('50.2', 24, 0.5499999999999998),
  ('50L', 0, 0.95),
  ('50L', 1, 0.92),
  ('50L', 2, 0.9),
  ('50L', 3, 0.88),
  ('50L', 4, 0.85),
  ('50L', 5, 0.85),
  ('50L', 6, 0.83),
  ('50L', 7, 0.83),
  ('50L', 8, 0.83),
  ('50L', 9, 0.81),
  ('50L', 10, 0.81),
  ('50L', 11, 0.81),
  ('50L', 12, 0.81),
  ('50L', 13, 0.8),
  ('50L', 14, 0.8),
  ('50L', 15, 0.8),
  ('50L', 16, 0.8),
  ('50L', 17, 0.8),
  ('50L', 18, 0.8),
  ('50L', 19, 0.8),
  ('50L', 20, 0.8),
  ('50L', 21, 0.8),
  ('50L', 22, 0.8),
  ('50L', 23, 0.8),
  ('50L', 24, 0.8),
  ('80.1', 0, 0.7),
  ('80.1', 1, 0.69),
  ('80.1', 2, 0.6799999999999999),
  ('80.1', 3, 0.6699999999999999),
  ('80.1', 4, 0.6599999999999999),
  ('80.1', 5, 0.6499999999999999),
  ('80.1', 6, 0.6399999999999999),
  ('80.1', 7, 0.6299999999999999),
  ('80.1', 8, 0.6199999999999999),
  ('80.1', 9, 0.6099999999999999),
  ('80.1', 10, 0.5999999999999999),
  ('80.1', 11, 0.5899999999999999),
  ('80.1', 12, 0.5799999999999998),
  ('80.1', 13, 0.5699999999999998),
  ('80.1', 14, 0.5599999999999998),
  ('80.1', 15, 0.5499999999999998),
  ('80.1', 16, 0.5399999999999998),
  ('80.1', 17, 0.5299999999999998),
  ('80.1', 18, 0.5199999999999998),
  ('80.1', 19, 0.5099999999999998),
  ('80.1', 20, 0.4999999999999998),
  ('80.1', 21, 0.48999999999999977),
  ('80.1', 22, 0.47999999999999976),
  ('80.1', 23, 0.46999999999999975),
  ('80.1', 24, 0.45999999999999974),
  ('80.2', 0, 0.7),
  ('80.2', 1, 0.69),
  ('80.2', 2, 0.6799999999999999),
  ('80.2', 3, 0.6699999999999999),
  ('80.2', 4, 0.6599999999999999),
  ('80.2', 5, 0.6499999999999999),
  ('80.2', 6, 0.6399999999999999),
  ('80.2', 7, 0.6299999999999999),
  ('80.2', 8, 0.6199999999999999),
  ('80.2', 9, 0.6099999999999999),
  ('80.2', 10, 0.5999999999999999),
  ('80.2', 11, 0.5899999999999999),
  ('80.2', 12, 0.5799999999999998),
  ('80.2', 13, 0.5699999999999998),
  ('80.2', 14, 0.5599999999999998),
  ('80.2', 15, 0.5499999999999998),
  ('80.2', 16, 0.5399999999999998),
  ('80.2', 17, 0.5299999999999998),
  ('80.2', 18, 0.5199999999999998),
  ('80.2', 19, 0.5099999999999998),
  ('80.2', 20, 0.4999999999999998),
  ('80.2', 21, 0.48999999999999977),
  ('80.2', 22, 0.47999999999999976),
  ('80.2', 23, 0.46999999999999975),
  ('80.2', 24, 0.45999999999999974),
  ('200.1', 0, 0.7),
  ('200.1', 1, 0.69),
  ('200.1', 2, 0.6799999999999999),
  ('200.1', 3, 0.6699999999999999),
  ('200.1', 4, 0.6599999999999999),
  ('200.1', 5, 0.6499999999999999),
  ('200.1', 6, 0.6399999999999999),
  ('200.1', 7, 0.6299999999999999),
  ('200.1', 8, 0.6199999999999999),
  ('200.1', 9, 0.6099999999999999),
  ('200.1', 10, 0.5999999999999999),
  ('200.1', 11, 0.5899999999999999),
  ('200.1', 12, 0.5799999999999998),
  ('200.1', 13, 0.5699999999999998),
  ('200.1', 14, 0.5599999999999998),
  ('200.1', 15, 0.5499999999999998),
  ('200.1', 16, 0.5399999999999998),
  ('200.1', 17, 0.5299999999999998),
  ('200.1', 18, 0.5199999999999998),
  ('200.1', 19, 0.5099999999999998),
  ('200.1', 20, 0.4999999999999998),
  ('200.1', 21, 0.48999999999999977),
  ('200.1', 22, 0.47999999999999976),
  ('200.1', 23, 0.46999999999999975),
  ('200.1', 24, 0.45999999999999974),
  ('200.2', 0, 0.7),
  ('200.2', 1, 0.69),
  ('200.2', 2, 0.6799999999999999),
  ('200.2', 3, 0.6699999999999999),
  ('200.2', 4, 0.6599999999999999),
  ('200.2', 5, 0.6499999999999999),
  ('200.2', 6, 0.6399999999999999),
  ('200.2', 7, 0.6299999999999999),
  ('200.2', 8, 0.6199999999999999),
  ('200.2', 9, 0.6099999999999999),
  ('200.2', 10, 0.5999999999999999),
  ('200.2', 11, 0.5899999999999999),
  ('200.2', 12, 0.5799999999999998),
  ('200.2', 13, 0.5699999999999998),
  ('200.2', 14, 0.5599999999999998),
  ('200.2', 15, 0.5499999999999998),
  ('200.2', 16, 0.5399999999999998),
  ('200.2', 17, 0.5299999999999998),
  ('200.2', 18, 0.5199999999999998),
  ('200.2', 19, 0.5099999999999998),
  ('200.2', 20, 0.4999999999999998),
  ('200.2', 21, 0.48999999999999977),
  ('200.2', 22, 0.47999999999999976),
  ('200.2', 23, 0.46999999999999975),
  ('200.2', 24, 0.45999999999999974),
  ('300.1', 0, 0.7),
  ('300.1', 1, 0.69),
  ('300.1', 2, 0.6799999999999999),
  ('300.1', 3, 0.6699999999999999),
  ('300.1', 4, 0.6599999999999999),
  ('300.1', 5, 0.6499999999999999),
  ('300.1', 6, 0.6399999999999999),
  ('300.1', 7, 0.6299999999999999),
  ('300.1', 8, 0.6199999999999999),
  ('300.1', 9, 0.6099999999999999),
  ('300.1', 10, 0.5999999999999999),
  ('300.1', 11, 0.5899999999999999),
  ('300.1', 12, 0.5799999999999998),
  ('300.1', 13, 0.5699999999999998),
  ('300.1', 14, 0.5599999999999998),
  ('300.1', 15, 0.5499999999999998),
  ('300.1', 16, 0.5399999999999998),
  ('300.1', 17, 0.5299999999999998),
  ('300.1', 18, 0.5199999999999998),
  ('300.1', 19, 0.5099999999999998),
  ('300.1', 20, 0.4999999999999998),
  ('300.1', 21, 0.48999999999999977),
  ('300.1', 22, 0.47999999999999976),
  ('300.1', 23, 0.46999999999999975),
  ('300.1', 24, 0.45999999999999974),
  ('300.2', 0, 0.7),
  ('300.2', 1, 0.69),
  ('300.2', 2, 0.6799999999999999),
  ('300.2', 3, 0.6699999999999999),
  ('300.2', 4, 0.6599999999999999),
  ('300.2', 5, 0.6499999999999999),
  ('300.2', 6, 0.6399999999999999),
  ('300.2', 7, 0.6299999999999999),
  ('300.2', 8, 0.6199999999999999),
  ('300.2', 9, 0.6099999999999999),
  ('300.2', 10, 0.5999999999999999),
  ('300.2', 11, 0.5899999999999999),
  ('300.2', 12, 0.5799999999999998),
  ('300.2', 13, 0.5699999999999998),
  ('300.2', 14, 0.5599999999999998),
  ('300.2', 15, 0.5499999999999998),
  ('300.2', 16, 0.5399999999999998),
  ('300.2', 17, 0.5299999999999998),
  ('300.2', 18, 0.5199999999999998),
  ('300.2', 19, 0.5099999999999998),
  ('300.2', 20, 0.4999999999999998),
  ('300.2', 21, 0.48999999999999977),
  ('300.2', 22, 0.47999999999999976),
  ('300.2', 23, 0.46999999999999975),
  ('300.2', 24, 0.45999999999999974),
  ('350.1', 0, 0.7),
  ('350.1', 1, 0.69),
  ('350.1', 2, 0.6799999999999999),
  ('350.1', 3, 0.6699999999999999),
  ('350.1', 4, 0.6599999999999999),
  ('350.1', 5, 0.6499999999999999),
  ('350.1', 6, 0.6399999999999999),
  ('350.1', 7, 0.6299999999999999),
  ('350.1', 8, 0.6199999999999999),
  ('350.1', 9, 0.6099999999999999),
  ('350.1', 10, 0.5999999999999999),
  ('350.1', 11, 0.5899999999999999),
  ('350.1', 12, 0.5799999999999998),
  ('350.1', 13, 0.5699999999999998),
  ('350.1', 14, 0.5599999999999998),
  ('350.1', 15, 0.5499999999999998),
  ('350.1', 16, 0.5399999999999998),
  ('350.1', 17, 0.5299999999999998),
  ('350.1', 18, 0.5199999999999998),
  ('350.1', 19, 0.5099999999999998),
  ('350.1', 20, 0.4999999999999998),
  ('350.1', 21, 0.48999999999999977),
  ('350.1', 22, 0.47999999999999976),
  ('350.1', 23, 0.46999999999999975),
  ('350.1', 24, 0.45999999999999974),
  ('350.2', 0, 0.7),
  ('350.2', 1, 0.69),
  ('350.2', 2, 0.6799999999999999),
  ('350.2', 3, 0.6699999999999999),
  ('350.2', 4, 0.6599999999999999),
  ('350.2', 5, 0.6499999999999999),
  ('350.2', 6, 0.6399999999999999),
  ('350.2', 7, 0.6299999999999999),
  ('350.2', 8, 0.6199999999999999),
  ('350.2', 9, 0.6099999999999999),
  ('350.2', 10, 0.5999999999999999),
  ('350.2', 11, 0.5899999999999999),
  ('350.2', 12, 0.5799999999999998),
  ('350.2', 13, 0.5699999999999998),
  ('350.2', 14, 0.5599999999999998),
  ('350.2', 15, 0.5499999999999998),
  ('350.2', 16, 0.5399999999999998),
  ('350.2', 17, 0.5299999999999998),
  ('350.2', 18, 0.5199999999999998),
  ('350.2', 19, 0.5099999999999998),
  ('350.2', 20, 0.4999999999999998),
  ('350.2', 21, 0.48999999999999977),
  ('350.2', 22, 0.47999999999999976),
  ('350.2', 23, 0.46999999999999975),
  ('350.2', 24, 0.45999999999999974),
  ('350L', 0, 0.7),
  ('350L', 1, 0.69),
  ('350L', 2, 0.6799999999999999),
  ('350L', 3, 0.6699999999999999),
  ('350L', 4, 0.6599999999999999),
  ('350L', 5, 0.6499999999999999),
  ('350L', 6, 0.6399999999999999),
  ('350L', 7, 0.6299999999999999),
  ('350L', 8, 0.6199999999999999),
  ('350L', 9, 0.6099999999999999),
  ('350L', 10, 0.5999999999999999),
  ('350L', 11, 0.5899999999999999),
  ('350L', 12, 0.5799999999999998),
  ('350L', 13, 0.5699999999999998),
  ('350L', 14, 0.5599999999999998),
  ('350L', 15, 0.5499999999999998),
  ('350L', 16, 0.5399999999999998),
  ('350L', 17, 0.5299999999999998),
  ('350L', 18, 0.5199999999999998),
  ('350L', 19, 0.5099999999999998),
  ('350L', 20, 0.4999999999999998),
  ('350L', 21, 0.48999999999999977),
  ('350L', 22, 0.47999999999999976),
  ('350L', 23, 0.46999999999999975),
  ('350L', 24, 0.45999999999999974),
  (7032, 0, 0.9),
  (7032, 1, 0.89),
  (7032, 2, 0.88),
  (7032, 3, 0.87),
  (7032, 4, 0.86),
  (7032, 5, 0.85),
  (7032, 6, 0.84),
  (7032, 7, 0.83),
  (7032, 8, 0.82),
  (7032, 9, 0.8099999999999999),
  (7032, 10, 0.7999999999999999),
  (7032, 11, 0.7899999999999999),
  (7032, 12, 0.7799999999999999),
  (7032, 13, 0.7699999999999999),
  (7032, 14, 0.7599999999999999),
  (7032, 15, 0.7499999999999999),
  (7032, 16, 0.7399999999999999),
  (7032, 17, 0.7299999999999999),
  (7032, 18, 0.7199999999999999),
  (7032, 19, 0.7099999999999999),
  (7032, 20, 0.6999999999999998),
  (7032, 21, 0.6899999999999998),
  (7032, 22, 0.6799999999999998),
  (7032, 23, 0.6699999999999998),
  (7032, 24, 0.6599999999999998),
  (7052, 0, 0.9),
  (7052, 1, 0.89),
  (7052, 2, 0.88),
  (7052, 3, 0.87),
  (7052, 4, 0.86),
  (7052, 5, 0.85),
  (7052, 6, 0.84),
  (7052, 7, 0.83),
  (7052, 8, 0.82),
  (7052, 9, 0.8099999999999999),
  (7052, 10, 0.7999999999999999),
  (7052, 11, 0.7899999999999999),
  (7052, 12, 0.7799999999999999),
  (7052, 13, 0.7699999999999999),
  (7052, 14, 0.7599999999999999),
  (7052, 15, 0.7499999999999999),
  (7052, 16, 0.7399999999999999),
  (7052, 17, 0.7299999999999999),
  (7052, 18, 0.7199999999999999),
  (7052, 19, 0.7099999999999999),
  (7052, 20, 0.6999999999999998),
  (7052, 21, 0.6899999999999998),
  (7052, 22, 0.6799999999999998),
  (7052, 23, 0.6699999999999998),
  (7052, 24, 0.6599999999999998),
  (7082, 0, 0.9),
  (7082, 1, 0.89),
  (7082, 2, 0.88),
  (7082, 3, 0.87),
  (7082, 4, 0.86),
  (7082, 5, 0.85),
  (7082, 6, 0.84),
  (7082, 7, 0.83),
  (7082, 8, 0.82),
  (7082, 9, 0.8099999999999999),
  (7082, 10, 0.7999999999999999),
  (7082, 11, 0.7899999999999999),
  (7082, 12, 0.7799999999999999),
  (7082, 13, 0.7699999999999999),
  (7082, 14, 0.7599999999999999),
  (7082, 15, 0.7499999999999999),
  (7082, 16, 0.7399999999999999),
  (7082, 17, 0.7299999999999999),
  (7082, 18, 0.7199999999999999),
  (7082, 19, 0.7099999999999999),
  (7082, 20, 0.6999999999999998),
  (7082, 21, 0.6899999999999998),
  (7082, 22, 0.6799999999999998),
  (7082, 23, 0.6699999999999998),
  (7082, 24, 0.6599999999999998),
  (7112, 0, 0.9),
  (7112, 1, 0.89),
  (7112, 2, 0.88),
  (7112, 3, 0.87),
  (7112, 4, 0.86),
  (7112, 5, 0.85),
  (7112, 6, 0.84),
  (7112, 7, 0.83),
  (7112, 8, 0.82),
  (7112, 9, 0.8099999999999999),
  (7112, 10, 0.7999999999999999),
  (7112, 11, 0.7899999999999999),
  (7112, 12, 0.7799999999999999),
  (7112, 13, 0.7699999999999999),
  (7112, 14, 0.7599999999999999),
  (7112, 15, 0.7499999999999999),
  (7112, 16, 0.7399999999999999),
  (7112, 17, 0.7299999999999999),
  (7112, 18, 0.7199999999999999),
  (7112, 19, 0.7099999999999999),
  (7112, 20, 0.6999999999999998),
  (7112, 21, 0.6899999999999998),
  (7112, 22, 0.6799999999999998),
  (7112, 23, 0.6699999999999998),
  (7112, 24, 0.6599999999999998),
  ('7115.1', 0, 0.85),
  ('7115.1', 1, 0.84),
  ('7115.1', 2, 0.83),
  ('7115.1', 3, 0.82),
  ('7115.1', 4, 0.8099999999999999),
  ('7115.1', 5, 0.7999999999999999),
  ('7115.1', 6, 0.7899999999999999),
  ('7115.1', 7, 0.7799999999999999),
  ('7115.1', 8, 0.7699999999999999),
  ('7115.1', 9, 0.7599999999999999),
  ('7115.1', 10, 0.7499999999999999),
  ('7115.1', 11, 0.7399999999999999),
  ('7115.1', 12, 0.7299999999999999),
  ('7115.1', 13, 0.7199999999999999),
  ('7115.1', 14, 0.7099999999999999),
  ('7115.1', 15, 0.6999999999999998),
  ('7115.1', 16, 0.6899999999999998),
  ('7115.1', 17, 0.6799999999999998),
  ('7115.1', 18, 0.6699999999999998),
  ('7115.1', 19, 0.6599999999999998),
  ('7115.1', 20, 0.6499999999999998),
  ('7115.1', 21, 0.6399999999999998),
  ('7115.1', 22, 0.6299999999999998),
  ('7115.1', 23, 0.6199999999999998),
  ('7115.1', 24, 0.6099999999999998),
  ('7115.2', 0, 0.85),
  ('7115.2', 1, 0.84),
  ('7115.2', 2, 0.83),
  ('7115.2', 3, 0.82),
  ('7115.2', 4, 0.8099999999999999),
  ('7115.2', 5, 0.7999999999999999),
  ('7115.2', 6, 0.7899999999999999),
  ('7115.2', 7, 0.7799999999999999),
  ('7115.2', 8, 0.7699999999999999),
  ('7115.2', 9, 0.7599999999999999),
  ('7115.2', 10, 0.7499999999999999),
  ('7115.2', 11, 0.7399999999999999),
  ('7115.2', 12, 0.7299999999999999),
  ('7115.2', 13, 0.7199999999999999),
  ('7115.2', 14, 0.7099999999999999),
  ('7115.2', 15, 0.6999999999999998),
  ('7115.2', 16, 0.6899999999999998),
  ('7115.2', 17, 0.6799999999999998),
  ('7115.2', 18, 0.6699999999999998),
  ('7115.2', 19, 0.6599999999999998),
  ('7115.2', 20, 0.6499999999999998),
  ('7115.2', 21, 0.6399999999999998),
  ('7115.2', 22, 0.6299999999999998),
  ('7115.2', 23, 0.6199999999999998),
  ('7115.2', 24, 0.6099999999999998),
  ('7115.4', 0, 0.85),
  ('7115.4', 1, 0.84),
  ('7115.4', 2, 0.83),
  ('7115.4', 3, 0.82),
  ('7115.4', 4, 0.8099999999999999),
  ('7115.4', 5, 0.7999999999999999),
  ('7115.4', 6, 0.7899999999999999),
  ('7115.4', 7, 0.7799999999999999),
  ('7115.4', 8, 0.7699999999999999),
  ('7115.4', 9, 0.7599999999999999),
  ('7115.4', 10, 0.7499999999999999),
  ('7115.4', 11, 0.7399999999999999),
  ('7115.4', 12, 0.7299999999999999),
  ('7115.4', 13, 0.7199999999999999),
  ('7115.4', 14, 0.7099999999999999),
  ('7115.4', 15, 0.6999999999999998),
  ('7115.4', 16, 0.6899999999999998),
  ('7115.4', 17, 0.6799999999999998),
  ('7115.4', 18, 0.6699999999999998),
  ('7115.4', 19, 0.6599999999999998),
  ('7115.4', 20, 0.6499999999999998),
  ('7115.4', 21, 0.6399999999999998),
  ('7115.4', 22, 0.6299999999999998),
  ('7115.4', 23, 0.6199999999999998),
  ('7115.4', 24, 0.6099999999999998),
  ('7120.1', 0, 0.85),
  ('7120.1', 1, 0.84),
  ('7120.1', 2, 0.83),
  ('7120.1', 3, 0.82),
  ('7120.1', 4, 0.8099999999999999),
  ('7120.1', 5, 0.7999999999999999),
  ('7120.1', 6, 0.7899999999999999),
  ('7120.1', 7, 0.7799999999999999),
  ('7120.1', 8, 0.7699999999999999),
  ('7120.1', 9, 0.7599999999999999),
  ('7120.1', 10, 0.7499999999999999),
  ('7120.1', 11, 0.7399999999999999),
  ('7120.1', 12, 0.7299999999999999),
  ('7120.1', 13, 0.7199999999999999),
  ('7120.1', 14, 0.7099999999999999),
  ('7120.1', 15, 0.6999999999999998),
  ('7120.1', 16, 0.6899999999999998),
  ('7120.1', 17, 0.6799999999999998),
  ('7120.1', 18, 0.6699999999999998),
  ('7120.1', 19, 0.6599999999999998),
  ('7120.1', 20, 0.6499999999999998),
  ('7120.1', 21, 0.6399999999999998),
  ('7120.1', 22, 0.6299999999999998),
  ('7120.1', 23, 0.6199999999999998),
  ('7120.1', 24, 0.6099999999999998),
  ('7120.2', 0, 0.85),
  ('7120.2', 1, 0.84),
  ('7120.2', 2, 0.83),
  ('7120.2', 3, 0.82),
  ('7120.2', 4, 0.8099999999999999),
  ('7120.2', 5, 0.7999999999999999),
  ('7120.2', 6, 0.7899999999999999),
  ('7120.2', 7, 0.7799999999999999),
  ('7120.2', 8, 0.7699999999999999),
  ('7120.2', 9, 0.7599999999999999),
  ('7120.2', 10, 0.7499999999999999),
  ('7120.2', 11, 0.7399999999999999),
  ('7120.2', 12, 0.7299999999999999),
  ('7120.2', 13, 0.7199999999999999),
  ('7120.2', 14, 0.7099999999999999),
  ('7120.2', 15, 0.6999999999999998),
  ('7120.2', 16, 0.6899999999999998),
  ('7120.2', 17, 0.6799999999999998),
  ('7120.2', 18, 0.6699999999999998),
  ('7120.2', 19, 0.6599999999999998),
  ('7120.2', 20, 0.6499999999999998),
  ('7120.2', 21, 0.6399999999999998),
  ('7120.2', 22, 0.6299999999999998),
  ('7120.2', 23, 0.6199999999999998),
  ('7120.2', 24, 0.6099999999999998),
  ('7120.4', 0, 0.85),
  ('7120.4', 1, 0.84),
  ('7120.4', 2, 0.83),
  ('7120.4', 3, 0.82),
  ('7120.4', 4, 0.8099999999999999),
  ('7120.4', 5, 0.7999999999999999),
  ('7120.4', 6, 0.7899999999999999),
  ('7120.4', 7, 0.7799999999999999),
  ('7120.4', 8, 0.7699999999999999),
  ('7120.4', 9, 0.7599999999999999),
  ('7120.4', 10, 0.7499999999999999),
  ('7120.4', 11, 0.7399999999999999),
  ('7120.4', 12, 0.7299999999999999),
  ('7120.4', 13, 0.7199999999999999),
  ('7120.4', 14, 0.7099999999999999),
  ('7120.4', 15, 0.6999999999999998),
  ('7120.4', 16, 0.6899999999999998),
  ('7120.4', 17, 0.6799999999999998),
  ('7120.4', 18, 0.6699999999999998),
  ('7120.4', 19, 0.6599999999999998),
  ('7120.4', 20, 0.6499999999999998),
  ('7120.4', 21, 0.6399999999999998),
  ('7120.4', 22, 0.6299999999999998),
  ('7120.4', 23, 0.6199999999999998),
  ('7120.4', 24, 0.6099999999999998)
;


create or replace function public.can_view_datasets()
returns boolean
language sql
stable
security definer
set search_path = public
as $$
  select public.current_user_role() in ('admin', 'viewer');
$$;

create or replace function public.can_edit_datasets()
returns boolean
language sql
stable
security definer
set search_path = public
as $$
  select public.current_user_role() = 'admin';
$$;


drop policy if exists "Dataset viewers can read pump_limits" on public.pump_limits;
drop policy if exists "Dataset admins can insert pump_limits" on public.pump_limits;
drop policy if exists "Dataset admins can update pump_limits" on public.pump_limits;
drop policy if exists "Dataset admins can delete pump_limits" on public.pump_limits;

create policy "Dataset viewers can read pump_limits"
on public.pump_limits
for select
to authenticated
using (public.can_view_datasets());

create policy "Dataset admins can insert pump_limits"
on public.pump_limits
for insert
to authenticated
with check (public.can_edit_datasets());

create policy "Dataset admins can update pump_limits"
on public.pump_limits
for update
to authenticated
using (public.can_edit_datasets())
with check (public.can_edit_datasets());

create policy "Dataset admins can delete pump_limits"
on public.pump_limits
for delete
to authenticated
using (public.can_edit_datasets());


drop policy if exists "Dataset viewers can read jp_codes" on public.jp_codes;
drop policy if exists "Dataset admins can insert jp_codes" on public.jp_codes;
drop policy if exists "Dataset admins can update jp_codes" on public.jp_codes;
drop policy if exists "Dataset admins can delete jp_codes" on public.jp_codes;

create policy "Dataset viewers can read jp_codes"
on public.jp_codes
for select
to authenticated
using (public.can_view_datasets());

create policy "Dataset admins can insert jp_codes"
on public.jp_codes
for insert
to authenticated
with check (public.can_edit_datasets());

create policy "Dataset admins can update jp_codes"
on public.jp_codes
for update
to authenticated
using (public.can_edit_datasets())
with check (public.can_edit_datasets());

create policy "Dataset admins can delete jp_codes"
on public.jp_codes
for delete
to authenticated
using (public.can_edit_datasets());


drop policy if exists "Dataset viewers can read sr_codes" on public.sr_codes;
drop policy if exists "Dataset admins can insert sr_codes" on public.sr_codes;
drop policy if exists "Dataset admins can update sr_codes" on public.sr_codes;
drop policy if exists "Dataset admins can delete sr_codes" on public.sr_codes;

create policy "Dataset viewers can read sr_codes"
on public.sr_codes
for select
to authenticated
using (public.can_view_datasets());

create policy "Dataset admins can insert sr_codes"
on public.sr_codes
for insert
to authenticated
with check (public.can_edit_datasets());

create policy "Dataset admins can update sr_codes"
on public.sr_codes
for update
to authenticated
using (public.can_edit_datasets())
with check (public.can_edit_datasets());

create policy "Dataset admins can delete sr_codes"
on public.sr_codes
for delete
to authenticated
using (public.can_edit_datasets());


drop policy if exists "Dataset viewers can read abb_vis" on public.abb_vis;
drop policy if exists "Dataset admins can insert abb_vis" on public.abb_vis;
drop policy if exists "Dataset admins can update abb_vis" on public.abb_vis;
drop policy if exists "Dataset admins can delete abb_vis" on public.abb_vis;

create policy "Dataset viewers can read abb_vis"
on public.abb_vis
for select
to authenticated
using (public.can_view_datasets());

create policy "Dataset admins can insert abb_vis"
on public.abb_vis
for insert
to authenticated
with check (public.can_edit_datasets());

create policy "Dataset admins can update abb_vis"
on public.abb_vis
for update
to authenticated
using (public.can_edit_datasets())
with check (public.can_edit_datasets());

create policy "Dataset admins can delete abb_vis"
on public.abb_vis
for delete
to authenticated
using (public.can_edit_datasets());


drop policy if exists "Dataset viewers can read efficiency" on public.efficiency;
drop policy if exists "Dataset admins can insert efficiency" on public.efficiency;
drop policy if exists "Dataset admins can update efficiency" on public.efficiency;
drop policy if exists "Dataset admins can delete efficiency" on public.efficiency;

create policy "Dataset viewers can read efficiency"
on public.efficiency
for select
to authenticated
using (public.can_view_datasets());

create policy "Dataset admins can insert efficiency"
on public.efficiency
for insert
to authenticated
with check (public.can_edit_datasets());

create policy "Dataset admins can update efficiency"
on public.efficiency
for update
to authenticated
using (public.can_edit_datasets())
with check (public.can_edit_datasets());

create policy "Dataset admins can delete efficiency"
on public.efficiency
for delete
to authenticated
using (public.can_edit_datasets());


drop policy if exists "Dataset viewers can read rpm_formula" on public.rpm_formula;
drop policy if exists "Dataset admins can insert rpm_formula" on public.rpm_formula;
drop policy if exists "Dataset admins can update rpm_formula" on public.rpm_formula;
drop policy if exists "Dataset admins can delete rpm_formula" on public.rpm_formula;

create policy "Dataset viewers can read rpm_formula"
on public.rpm_formula
for select
to authenticated
using (public.can_view_datasets());

create policy "Dataset admins can insert rpm_formula"
on public.rpm_formula
for insert
to authenticated
with check (public.can_edit_datasets());

create policy "Dataset admins can update rpm_formula"
on public.rpm_formula
for update
to authenticated
using (public.can_edit_datasets())
with check (public.can_edit_datasets());

create policy "Dataset admins can delete rpm_formula"
on public.rpm_formula
for delete
to authenticated
using (public.can_edit_datasets());

commit;
